salary_is_predicted,salary_min,title,created,id,salary_max,_collected_at,longitude,contract_type,latitude,contract_time,category_label,company_name,location_full,location_area,category_tag,found_under_keywords,n_keywords_matched,title_length,description_length,description_word_count,salary_midpoint
True,94010.82,Head of Data,2026-03-17 10:24:43+00:00,5669441911,94010.82,2026-06-03T13:05:40.048803,-2.23438,,53.480701,,IT Jobs,CreateFuture,"Manchester, Greater Manchester",['UK' 'North West England' 'Greater Manchester' 'Manchester'],it-jobs,analytics engineer,1,12,500,75,94010.82
False,50000.0,Data Engineer - Databricks,2026-05-27 13:40:47+00:00,5742256516,60000.0,2026-06-03T13:06:38.564528,-2.220609,permanent,53.459145,full_time,IT Jobs,Akkodis,"Rusholme, Manchester",['UK' 'North West England' 'Greater Manchester' 'Manchester' 'Rusholme'],it-jobs,BI developer,1,26,500,80,55000.0
False,80000.0,Lead Data Scientist,2026-05-22 00:49:58+00:00,5737032365,125000.0,2026-06-03T13:04:11.665235,,permanent,,full_time,IT Jobs,Harnham - Data & Analytics Recruitment,"London, UK",['UK' 'London'],it-jobs,"analytics engineer, data scientist",2,19,500,74,102500.0
True,77472.55,Senior Data Scientist,2026-01-22 16:28:49+00:00,5595573882,77472.55,2026-06-03T13:04:07.958686,-0.139134,permanent,51.503378,,IT Jobs,Capco,"London, UK",['UK' 'London'],it-jobs,data scientist,1,21,500,76,77472.55
False,55000.0,Finance Data Analyst (Interim),2026-06-01 20:12:26+00:00,5748006167,60000.0,2026-06-03T13:02:44.148643,-0.7047,contract,52.042198,,Accounting & Finance Jobs,Insite Public Practice Recruitment Limited,"Milton Keynes, Buckinghamshire",['UK' 'South East England' 'Buckinghamshire' 'Milton Keynes'],accounting-finance-jobs,"BI developer, data analyst",2,30,500,70,57500.0
False,169000.0,Head Of Software Engineering,2026-05-20 23:05:40+00:00,5735629188,208000.0,2026-06-03T13:05:55.640873,-0.103815,contract,51.523772,,IT Jobs,Reed Technology,"Farringdon, Central London",['UK' 'London' 'Central London' 'Farringdon'],it-jobs,analytics engineer,1,28,500,68,188500.0
True,26099.81,Marketing Data Analyst,2026-05-01 02:04:52+00:00,5715007650,26099.81,2026-06-03T13:02:55.585781,0.544338,,51.386501,,"PR, Advertising & Marketing Jobs",Pearson Whiffin IT & Digital,"Gillingham, Kent",['UK' 'South East England' 'Kent' 'Gillingham'],pr-advertising-marketing-jobs,data analyst,1,22,500,86,26099.81
True,51905.73,Machine Learning Engineer,2025-12-08 16:20:15+00:00,5533597851,51905.73,2026-06-03T13:04:48.847173,,contract,,,IT Jobs,Olive Jar Digital,UK,['UK'],it-jobs,data scientist,1,25,500,71,51905.73
True,62041.97,Principal Consultant,2026-06-01 23:00:22+00:00,5748263580,62041.97,2026-06-03T13:05:58.915005,,permanent,,full_time,IT Jobs,Experis,"The City, Central London",['UK' 'London' 'Central London' 'The City'],it-jobs,analytics engineer,1,20,500,78,62041.97
False,9100.0,Contract BI Developer,2026-05-28 18:44:37+00:00,5743673131,143000.0,2026-06-03T13:06:27.654326,-1.08229,contract,53.957699,,IT Jobs,Pro Contract Jobs Ltd,"York, North Yorkshire",['UK' 'Yorkshire And The Humber' 'North Yorkshire' 'York'],it-jobs,BI developer,1,21,435,72,76050.0
True,64831.44,Lead Python Software Engineer – Asset Management Data Platform,2026-01-15 09:40:28+00:00,5585929790,64831.44,2026-06-03T13:05:23.932884,-0.139134,,51.503378,full_time,IT Jobs,JPMorganChase,"London, UK",['UK' 'London'],it-jobs,analytics engineer,1,62,500,76,64831.44
True,38461.65,Investment Data Analyst,2026-05-24 13:15:37+00:00,5739748184,38461.65,2026-06-03T13:02:55.585788,-3.327942,permanent,55.943116,full_time,Accounting & Finance Jobs,Aberdeen,"Edinburgh, Scotland",['UK' 'Scotland' 'Edinburgh'],accounting-finance-jobs,data analyst,1,23,500,85,38461.65
True,53343.44,Data Migration Analyst,2026-05-20 23:12:37+00:00,5735630785,53343.44,2026-06-03T13:03:16.670598,-0.139134,contract,51.503378,,IT Jobs,. Investigo,"London, UK",['UK' 'London'],it-jobs,data analyst,1,22,500,67,53343.44
True,45133.78,Senior Data Science Manager - Telematics,2026-02-28 13:24:38+00:00,5648692125,45133.78,2026-06-03T13:04:30.312226,,,,full_time,IT Jobs,Hastings Insurance Services,UK,['UK'],it-jobs,data scientist,1,40,500,78,45133.78
False,60000.0,Data Engineer,2026-05-18 21:01:25+00:00,5733324206,70000.0,2026-06-03T13:03:35.507797,-1.53911,permanent,53.990601,full_time,IT Jobs,Rise Technical Recruitment Limited,"Harrogate, North Yorkshire",['UK' 'Yorkshire And The Humber' 'North Yorkshire' 'Harrogate'],it-jobs,data analyst,1,13,500,77,65000.0
True,60555.31,"Instock Manager II, Amazon EU Fresh and Perishable Grocery",2026-05-29 01:27:13+00:00,5744027116,60555.31,2026-06-03T13:06:09.368404,-0.139134,,51.503378,,Retail Jobs,Amazon,"London, UK",['UK' 'London'],retail-jobs,analytics engineer,1,58,500,75,60555.31
True,64272.22,Power BI Specialist,2026-05-14 14:44:35+00:00,5729293953,64272.22,2026-06-03T13:06:31.093653,,contract,,,IT Jobs,Rullion Managed Services,UK,['UK'],it-jobs,BI developer,1,19,500,76,64272.22
False,25282.0,IDVA,2026-05-11 14:24:05+00:00,5725841624,28282.0,2026-06-03T13:07:01.654612,-2.355658,permanent,52.509745,full_time,Social work Jobs,Red Snapper Recruitment Limited,"West Midlands, UK",['UK' 'West Midlands'],social-work-jobs,BI developer,1,4,500,71,26782.0
False,43580.0,Senior Health Intelligence Analyst,2026-05-28 07:16:36+00:00,5743161553,43580.0,2026-06-03T13:03:35.507638,-0.139134,,51.503378,full_time,IT Jobs,Arthritis UK,"London, UK",['UK' 'London'],it-jobs,data analyst,1,34,500,78,43580.0
True,81523.7,Senior/Staff Data Scientist – Measurement and Experimentation,2026-05-23 13:24:34+00:00,5738775959,81523.7,2026-06-03T13:04:34.525389,-0.139134,,51.503378,full_time,IT Jobs,PlayStation Global,"London, UK",['UK' 'London'],it-jobs,data scientist,1,61,500,79,81523.7
False,60000.0,Finance Reporting & BI Analyst,2026-05-14 16:28:55+00:00,5729348389,65000.0,2026-06-03T13:06:38.564593,-1.54912,permanent,53.799599,full_time,Accounting & Finance Jobs,Hays Specialist Recruitment Limited,"Leeds, West Yorkshire",['UK' 'Yorkshire And The Humber' 'West Yorkshire' 'Leeds'],accounting-finance-jobs,BI developer,1,30,500,75,62500.0
True,63933.91,Product Manager,2026-01-20 09:47:56+00:00,5592242417,63933.91,2026-06-03T13:06:23.867578,-0.139134,,51.503378,,IT Jobs,Scale AI,"London, UK",['UK' 'London'],it-jobs,business intelligence analyst,1,15,500,82,63933.91
False,45000.0,Data & Insights Analyst,2026-05-21 13:07:32+00:00,5736370903,50000.0,2026-06-03T13:03:16.670621,-0.150961,,51.511184,full_time,IT Jobs,Work Argyll,"Mayfair, West London",['UK' 'London' 'West London' 'Mayfair'],it-jobs,data analyst,1,23,500,78,47500.0
False,30438.0,Trainee MIS Report Writer,2026-05-22 17:59:10+00:00,5737751109,32292.0,2026-06-03T13:03:35.507902,-1.505888,contract,53.686534,full_time,Admin Jobs,Heart of Yorkshire Education Group,"Newton Hill, Wakefield","['UK' 'Yorkshire And The Humber' 'West Yorkshire' 'Wakefield'
 'Newton Hill']",admin-jobs,data analyst,1,25,500,80,31365.0
True,65266.62,Power BI Developer,2026-05-13 20:31:41+00:00,5728209445,65266.62,2026-06-03T13:06:27.654318,-0.290255,contract,53.755722,,IT Jobs,Randstad Sourceright,"Marfleet, Hull","['UK' 'Yorkshire And The Humber' 'East Riding Of Yorkshire' 'Hull'
 'Marfleet']",it-jobs,BI developer,1,18,500,77,65266.62
True,57195.05,Senior Analytics Engineer,2026-04-14 10:00:11+00:00,5698854957,57195.05,2026-06-03T13:05:06.026920,-0.139134,,51.503378,,IT Jobs,Intercom,"London, UK",['UK' 'London'],it-jobs,analytics engineer,1,25,500,76,57195.05
True,38244.31,Forward Sourcing Engineer,2026-04-22 14:54:32+00:00,5707201745,38244.31,2026-06-03T13:05:43.556841,0.686378,,51.737616,full_time,Retail Jobs,Premier Group Recruitment,"Heybridge, Maldon",['UK' 'Eastern England' 'Essex' 'Maldon' 'Heybridge'],retail-jobs,analytics engineer,1,25,500,67,38244.31
True,54357.38,Palantir Engineer Specialist - Sr. Consultant,2026-04-15 15:11:48+00:00,5700273600,54357.38,2026-06-03T13:05:28.652010,-0.139134,,51.503378,,IT Jobs,Infosys Consulting - Europe,"London, UK",['UK' 'London'],it-jobs,analytics engineer,1,45,500,75,54357.38
True,38877.48,Operational Analyst,2026-05-31 10:29:44+00:00,5746366646,38877.48,2026-06-03T13:07:01.654635,,contract,,part_time,IT Jobs,A2 Dominion Group,UK,['UK'],it-jobs,BI developer,1,19,500,72,38877.48
True,77263.01,Senior Data Engineer - Data Ingestion and Enrichment team,2026-04-08 11:27:37+00:00,5693041422,77263.01,2026-06-03T13:05:43.556714,-0.139134,,51.503378,full_time,Scientific & QA Jobs,Preply,"London, UK",['UK' 'London'],scientific-qa-jobs,analytics engineer,1,57,500,73,77263.01
False,35000.0,Customer Account Manager,2026-05-21 20:46:14+00:00,5736670570,38000.0,2026-06-03T13:06:16.891706,-2.43401,permanent,50.710701,full_time,Accounting & Finance Jobs,Melbreck Technical Recruitment,"Dorchester, Dorset",['UK' 'South West England' 'Dorset' 'Dorchester'],accounting-finance-jobs,analytics engineer,1,24,500,75,36500.0
True,41764.14,Research Associate in Bioinformatics and Genetics,2026-05-15 02:45:04+00:00,5729947280,41764.14,2026-06-03T13:04:52.145418,,contract,,full_time,Scientific & QA Jobs,. Imperial College London,UK,['UK'],scientific-qa-jobs,data scientist,1,49,500,73,41764.14
True,62365.69,Analytics Engineer,2026-05-01 12:57:39+00:00,5715825754,62365.69,2026-06-03T13:04:59.394745,-0.139134,permanent,51.503378,full_time,IT Jobs,Currys,"London, UK",['UK' 'London'],it-jobs,analytics engineer,1,18,500,86,62365.69
False,85000.0,Estimator (Groundworks),2026-04-29 23:01:30+00:00,5713946904,85000.0,2026-06-03T13:05:43.556679,,permanent,,,Trade & Construction Jobs,Ernest Gordon Recruitment,"Taunton, Somerset",['UK' 'South West England' 'Somerset' 'Taunton'],trade-construction-jobs,analytics engineer,1,23,500,75,85000.0
True,64991.77,Head of Data Science,2026-05-13 11:23:03+00:00,5727956334,64991.77,2026-06-03T13:04:04.737178,-0.139134,contract,51.503378,full_time,Scientific & QA Jobs,Qureight Ltd,"London, UK",['UK' 'London'],scientific-qa-jobs,data scientist,1,20,500,73,64991.77
True,48335.75,Analyst-Master Data Management - Global Rates-GFS,2025-05-22 08:54:25+00:00,5210480487,48335.75,2026-06-03T13:03:31.494397,,,,full_time,Accounting & Finance Jobs,Deloitte,UK,['UK'],accounting-finance-jobs,data analyst,1,49,500,76,48335.75
False,117000.0,Data Analyst,2026-05-26 15:34:21+00:00,5741295875,136500.0,2026-06-03T13:02:39.995170,,contract,,,IT Jobs,Experis,"The City, Central London",['UK' 'London' 'Central London' 'The City'],it-jobs,data analyst,1,12,500,76,126750.0
True,47917.36,Workday Data Analyst (UK),2026-06-03 10:34:44+00:00,5750365704,47917.36,2026-06-03T13:03:04.619376,,,,full_time,IT Jobs,Invisors UK,UK,['UK'],it-jobs,data analyst,1,25,500,78,47917.36
False,28598.0,Adults and Childrens Business Intelligence Analyst,2026-05-13 05:34:39+00:00,5727697003,39152.0,2026-06-03T13:06:20.565316,,,,full_time,IT Jobs,Cheshire West and Chester Council,UK,['UK'],it-jobs,business intelligence analyst,1,51,500,75,33875.0
True,36182.96,Graduate Commercial Associate (London),2026-05-02 21:50:18+00:00,5717294373,36182.96,2026-06-03T13:07:01.654855,-0.139134,,51.503378,full_time,Graduate Jobs,Fresha,"London, UK",['UK' 'London'],graduate-jobs,BI developer,1,38,500,71,36182.96
True,62275.77,Oracle - Multiple Roles,2025-12-16 12:44:09+00:00,5544191640,62275.77,2026-06-03T13:05:20.448341,-0.969088,contract,51.455002,,IT Jobs,Frontier Resourcing,"Reading, Berkshire",['UK' 'South East England' 'Berkshire' 'Reading'],it-jobs,analytics engineer,1,23,500,80,62275.77
False,55000.0,Data Scientist,2026-05-22 20:50:32+00:00,5737825663,65000.0,2026-06-03T13:03:59.121388,-1.14917,permanent,52.955101,full_time,IT Jobs,Harnham - Data & Analytics Recruitment,"Nottingham, Nottinghamshire",['UK' 'East Midlands' 'Nottinghamshire' 'Nottingham'],it-jobs,data scientist,1,14,500,71,60000.0
False,105000.0,Lead Machine Learning Scientist,2026-05-20 13:21:25+00:00,5735136122,140000.0,2026-06-03T13:05:36.256314,,,,part_time,IT Jobs,Referrals Only,"London, UK",['UK' 'London'],it-jobs,analytics engineer,1,31,500,67,122500.0
True,61515.49,AJO Journey Manager (EMEA),2026-04-09 23:38:13+00:00,5694970088,61515.49,2026-06-03T13:05:48.668420,-0.139134,,51.503378,full_time,IT Jobs,Blue Acorn iCi,"London, UK",['UK' 'London'],it-jobs,analytics engineer,1,26,500,89,61515.49
True,91667.43,Applied AI Lead,2026-05-05 02:12:52+00:00,5718962573,91667.43,2026-06-03T13:04:52.145383,,,,,IT Jobs,Revolut,"The City, Central London",['UK' 'London' 'Central London' 'The City'],it-jobs,data scientist,1,15,500,77,91667.43
False,54132.0,Lead Data and Reporting Scientist,2026-05-22 20:43:08+00:00,5737824263,54132.0,2026-06-03T13:04:42.327163,-3.53362,permanent,50.721802,full_time,Consultancy Jobs,South West Water,"Exeter, Devon",['UK' 'South West England' 'Devon' 'Exeter'],consultancy-jobs,data scientist,1,33,500,81,54132.0
True,53559.47,Construction Data & Research Analyst,2026-04-16 17:18:24+00:00,5701533404,53559.47,2026-06-03T13:03:20.242959,-0.122749,,51.514863,,Consultancy Jobs,Hines,"Covent Garden, Central London",['UK' 'London' 'Central London' 'Covent Garden'],consultancy-jobs,data analyst,1,36,500,87,53559.47
True,94193.0,"Chief Solution Architect (Pre-sales, AI  Data Transformation)",2026-01-23 16:44:59+00:00,5597287933,94193.0,2026-06-03T13:05:52.310361,-0.139134,,51.503378,full_time,IT Jobs,Datatonic,"London, UK",['UK' 'London'],it-jobs,analytics engineer,1,61,500,70,94193.0
True,48041.18,Technical Data Analyst at Arctal,2026-04-24 19:13:41+00:00,5709485137,48041.18,2026-06-03T13:03:04.619271,-0.139134,,51.503378,full_time,IT Jobs,Jack & Jill,"London, UK",['UK' 'London'],it-jobs,data analyst,1,32,500,87,48041.18
True,84521.71,Senior Data Scientist,2026-02-20 17:29:31+00:00,5638171126,84521.71,2026-06-03T13:04:15.218016,-0.139134,,51.503378,full_time,IT Jobs,Faculty AI,"London, UK",['UK' 'London'],it-jobs,data scientist,1,21,500,85,84521.71
False,120000.0,Staff Data Scientist,2026-05-14 15:35:57+00:00,5729322795,140000.0,2026-06-03T13:04:04.737182,-0.139134,permanent,51.503378,full_time,IT Jobs,Data Idols,"London, UK",['UK' 'London'],it-jobs,data scientist,1,20,500,75,130000.0
True,48362.82,Senior SAP Recruitment Consultant - European Market,2026-05-01 10:55:52+00:00,5715731106,48362.82,2026-06-03T13:05:13.380316,-0.02806,permanent,51.451818,,HR & Recruitment Jobs,Yolk Recruitment Limited,"South East London, London",['UK' 'London' 'South East London'],hr-jobs,analytics engineer,1,51,500,72,48362.82
True,82430.65,Snr BI Developer,2026-06-02 19:58:14+00:00,5749352611,82430.65,2026-06-03T13:06:27.654333,-3.327942,contract,55.943116,,IT Jobs,Harvey Nash,"Edinburgh, Scotland",['UK' 'Scotland' 'Edinburgh'],it-jobs,BI developer,1,16,500,74,82430.65
True,69335.96,Data Scientist - Square One Resources,2026-05-21 21:59:16+00:00,5736905732,69335.96,2026-06-03T13:03:51.788702,-3.1805,contract,51.4813,full_time,IT Jobs,Square One Resources,"Cardiff, Cardiff County",['UK' 'Wales' 'Cardiff County' 'Cardiff'],it-jobs,data scientist,1,37,500,70,69335.96
False,40000.0,Applications Support - MS Dynamics 365 - Sheffield - Hybrid,2026-05-29 12:00:41+00:00,5744543260,45000.0,2026-06-03T13:06:54.693721,-1.470141,,53.353128,full_time,IT Jobs,Experis,"Heeley, Sheffield",['UK' 'Yorkshire And The Humber' 'South Yorkshire' 'Sheffield' 'Heeley'],it-jobs,BI developer,1,59,500,77,42500.0
True,50482.02,Senior Data Analyst,2026-05-22 13:24:43+00:00,5737593577,50482.02,2026-06-03T13:02:52.080760,-0.123159,,51.530641,full_time,IT Jobs,Betway Group,"St Pancras, Central London",['UK' 'London' 'Central London' 'St Pancras'],it-jobs,data analyst,1,19,500,81,50482.02
True,114080.0,Assistant Vice President - MI Reporting Quality Assurance Analyst,2026-04-29 17:42:35+00:00,5713753057,114080.0,2026-06-03T13:07:05.745460,,,,full_time,Accounting & Finance Jobs,Mitsubishi UFJ Financial Group,"London, UK",['UK' 'London'],accounting-finance-jobs,BI developer,1,65,500,77,114080.0
False,143000.0,Lead Data Scientist,2026-05-29 02:45:28+00:00,5744143503,169000.0,2026-06-03T13:04:07.958652,-0.754624,contract,51.293999,,IT Jobs,Talent Locker,"Farnborough, Hampshire",['UK' 'South East England' 'Hampshire' 'Farnborough'],it-jobs,data scientist,1,19,500,77,156000.0
False,100000.0,Data Science Manager,2026-05-08 19:56:16+00:00,5723191428,120000.0,2026-06-03T13:04:07.958498,-0.103815,,51.523772,full_time,IT Jobs,Data Idols,"Farringdon, Central London",['UK' 'London' 'Central London' 'Farringdon'],it-jobs,data scientist,1,20,500,76,110000.0
False,70000.0,Analytics Engineering Manager,2026-05-22 15:08:27+00:00,5737689472,80000.0,2026-06-03T13:04:59.394859,1.29935,,52.628101,full_time,IT Jobs,Naked Wines,"Norwich, Norfolk",['UK' 'Eastern England' 'Norfolk' 'Norwich'],it-jobs,analytics engineer,1,29,500,92,75000.0
True,44231.19,Data Science Application Developer,2025-05-22 08:55:24+00:00,5210488461,44231.19,2026-06-03T13:04:26.373635,,,,full_time,Consultancy Jobs,accenture,UK,['UK'],consultancy-jobs,data scientist,1,34,500,69,44231.19
True,29204.63,Graduate Data Scientist,2026-02-10 09:11:52+00:00,5622411701,29204.63,2026-06-03T13:04:15.218039,-0.139134,contract,51.503378,full_time,Graduate Jobs,Shift Technology,"London, UK",['UK' 'London'],graduate-jobs,data scientist,1,23,500,75,29204.63
True,67707.77,Gasoline Trading Analyst,2026-04-03 04:22:32+00:00,5688210102,67707.77,2026-06-03T13:06:58.211436,-0.139134,,51.503378,,"Energy, Oil & Gas Jobs",ExxonMobil,"London, UK",['UK' 'London'],energy-oil-gas-jobs,BI developer,1,24,500,86,67707.77
True,44679.91,"Data Scientist, network planning optimization world wide, Supply Chain Optimization Technology",2026-06-03 10:25:23+00:00,5750344361,44679.91,2026-06-03T13:04:42.327111,,,,full_time,IT Jobs,Amazon,"London, UK",['UK' 'London'],it-jobs,data scientist,1,94,500,89,44679.91
True,76353.55,Senior Data Scientist,2026-05-29 10:35:23+00:00,5744472991,76353.55,2026-06-03T13:04:15.218032,-0.139134,,51.503378,full_time,IT Jobs,Chainalysis,"London, UK",['UK' 'London'],it-jobs,data scientist,1,21,500,77,76353.55
False,50000.0,Data Scientist,2026-05-27 18:42:01+00:00,5742415449,50000.0,2026-06-03T13:03:55.750844,,,,,IT Jobs,IO Associates,"London, UK",['UK' 'London'],it-jobs,data scientist,1,14,500,76,50000.0
True,56291.73,Data Scientist,2026-04-23 19:15:41+00:00,5708448641,56291.73,2026-06-03T13:03:59.121581,-0.139134,,51.503378,full_time,IT Jobs,Amex,"London, UK",['UK' 'London'],it-jobs,data scientist,1,14,500,78,56291.73
True,65042.62,Lead Data Engineer,2026-05-05 19:35:29+00:00,5719605636,65042.62,2026-06-03T13:05:28.652165,-1.3741,,50.9879,part_time,IT Jobs,Aviva,"Eastleigh, Hampshire",['UK' 'South East England' 'Hampshire' 'Eastleigh'],it-jobs,analytics engineer,1,18,500,79,65042.62
False,95000.0,Head of Data Science - FinCrime,2026-06-02 14:34:40+00:00,5749243263,120000.0,2026-06-03T13:04:19.192193,-0.139134,,51.503378,full_time,Accounting & Finance Jobs,Data Idols,"London, UK",['UK' 'London'],accounting-finance-jobs,data scientist,1,31,500,77,107500.0
False,26500.0,Office Administrator/Data Analyst,2026-05-14 20:55:30+00:00,5729462995,30000.0,2026-06-03T13:02:59.746037,-1.948362,,53.897582,full_time,Admin Jobs,Grandma Wild's,"Steeton, Keighley",['UK' 'Yorkshire And The Humber' 'West Yorkshire' 'Keighley' 'Steeton'],admin-jobs,data analyst,1,33,500,75,28250.0
True,51642.61,Product Data Science Manager,2026-03-26 10:11:05+00:00,5679132682,51642.61,2026-06-03T13:04:23.000779,-0.139134,,51.503378,,IT Jobs,Similarweb,"London, UK",['UK' 'London'],it-jobs,data scientist,1,28,500,78,51642.61
True,57416.5,Data Analyst,2026-05-29 18:48:14+00:00,5744722667,57416.5,2026-06-03T13:02:44.148638,,,,,IT Jobs,MPOWER PLUS REZOLVE AI GROUP LTD,UK,['UK'],it-jobs,data analyst,1,12,500,68,57416.5
True,32102.4,Data Analyst Apprenticeship,2026-06-03 10:22:57+00:00,5750342703,32102.4,2026-06-03T13:02:48.146550,,,,full_time,IT Jobs,Anglian Water Services,UK,['UK'],it-jobs,data analyst,1,27,500,81,32102.4
True,69741.82,Principal Data Scientist,2026-05-30 22:50:02+00:00,5745986582,69741.82,2026-06-03T13:04:15.218153,-0.139134,,51.503378,,IT Jobs,. Chelsea and Westminster Hospital NHS Foundation Trust,"London, UK",['UK' 'London'],it-jobs,"analytics engineer, data scientist",2,24,500,65,69741.82
True,67015.2,Delivery Lead (Data),2026-05-21 21:54:17+00:00,5736872469,67015.2,2026-06-03T13:06:09.368671,-0.079744,,51.504176,,IT Jobs,Collinson,"Tower Bridge, East London",['UK' 'London' 'East London' 'Tower Bridge'],it-jobs,analytics engineer,1,20,500,72,67015.2
True,86138.3,Senior / Principal Asset Management Consultant,2026-05-19 21:25:49+00:00,5734283162,86138.3,2026-06-03T13:06:13.286713,,,,,Consultancy Jobs,RSK Group,UK,['UK'],consultancy-jobs,analytics engineer,1,46,500,69,86138.3
False,50000.0,Procurement Contracts and Data Analyst,2026-05-07 02:45:49+00:00,5721112116,50000.0,2026-06-03T13:03:04.619348,-2.5919,contract,51.455299,,Accounting & Finance Jobs,Ayvens,"Bristol, South West England",['UK' 'South West England' 'Bristol'],accounting-finance-jobs,data analyst,1,38,500,79,50000.0
True,66278.62,Senior Data Scientist,2026-01-05 09:26:45+00:00,5567777775,66278.62,2026-06-03T13:04:15.218020,-0.229095,,51.4925,full_time,IT Jobs,AnyVan,"Hammersmith, West London",['UK' 'London' 'West London' 'Hammersmith'],it-jobs,data scientist,1,21,500,88,66278.62
True,62014.4,Lead Data Scientist,2026-04-17 11:15:42+00:00,5702454124,62014.4,2026-06-03T13:04:11.664838,-0.139134,,51.503378,,IT Jobs,Valtech,"London, UK",['UK' 'London'],it-jobs,data scientist,1,19,500,69,62014.4
True,30188.41,"Analyst, Supply Chain",2026-05-27 21:43:33+00:00,5742535640,30188.41,2026-06-03T13:07:01.654667,-0.133475,,51.499981,,IT Jobs,Theramex,"Moorgate, Central London",['UK' 'London' 'Central London' 'Moorgate'],it-jobs,BI developer,1,21,500,77,30188.41
True,56479.94,Data Operations Associate,2025-05-22 08:55:18+00:00,5210487489,56479.94,2026-06-03T13:03:39.504384,,,,full_time,IT Jobs,jpmorgan,UK,['UK'],it-jobs,data analyst,1,25,500,67,56479.94
False,40000.0,Data Engineer,2026-06-03 13:12:46+00:00,5750540717,50000.0,2026-06-03T13:06:54.693477,-1.55961,permanent,54.778702,full_time,IT Jobs,Tenth Revolution Group,"Durham, County Durham",['UK' 'North East England' 'County Durham' 'Durham'],it-jobs,BI developer,1,13,500,74,45000.0
True,55196.06,Quant Investment Strategist / London,2026-05-13 17:25:10+00:00,5728145289,55196.06,2026-06-03T13:04:52.145363,-0.139134,,51.503378,full_time,Accounting & Finance Jobs,Eka Finance,"London, UK",['UK' 'London'],accounting-finance-jobs,data scientist,1,36,500,66,55196.06
False,24000.0,Data Analyst Degree Apprenticeship (Level 6),2026-05-22 19:20:53+00:00,5737808517,26000.0,2026-06-03T13:02:59.745897,-1.3741,permanent,50.9879,,IT Jobs,Barton Peveril Sixth Form College,"Eastleigh, Hampshire",['UK' 'South East England' 'Hampshire' 'Eastleigh'],it-jobs,data analyst,1,44,460,74,25000.0
True,31609.34,Lecturer/Senior Lecturer in Mathematical or Statistical Data Science,2026-05-15 21:16:05+00:00,5730557194,31609.34,2026-06-03T13:04:38.898050,,,,,Teaching Jobs,Newcastle University,"Newcastle Upon Tyne, Tyne & Wear",['UK' 'North East England' 'Tyne & Wear' 'Newcastle Upon Tyne'],teaching-jobs,data scientist,1,68,500,84,31609.34
False,55000.0,Data Engineer,2026-05-07 22:00:00+00:00,5722147682,65000.0,2026-06-03T13:05:13.380349,-1.3053,permanent,53.5317,full_time,IT Jobs,Talent Locker,"Goldthorpe, Rotherham","['UK' 'Yorkshire And The Humber' 'South Yorkshire' 'Rotherham'
 'Goldthorpe']",it-jobs,"BI developer, analytics engineer",2,13,500,71,60000.0
True,31214.25,Data Analyst | Bristol (Clifton),2026-03-11 20:23:28+00:00,5662027094,31214.25,2026-06-03T13:03:04.619279,-2.562401,permanent,51.464608,full_time,Teaching Jobs,Marchant Recruitment,"Easton, Bristol",['UK' 'South West England' 'Bristol' 'Easton'],teaching-jobs,data analyst,1,32,500,77,31214.25
True,75154.59,Lead Data Engineer,2026-03-15 10:25:20+00:00,5666302103,75154.59,2026-06-03T13:05:55.640903,-0.139134,,51.503378,full_time,IT Jobs,Cushman & Wakefield,"London, UK",['UK' 'London'],it-jobs,analytics engineer,1,18,500,72,75154.59
False,45000.0,Data Analyst,2026-05-18 17:02:49+00:00,5733242081,50000.0,2026-06-03T13:02:22.070363,,permanent,,full_time,IT Jobs,Robert Walters,"Manchester, Greater Manchester",['UK' 'North West England' 'Greater Manchester' 'Manchester'],it-jobs,"business intelligence analyst, data analyst",2,12,500,70,47500.0
True,39682.29,Financial Accountant,2026-05-22 13:14:31+00:00,5737563140,39682.29,2026-06-03T13:07:08.613076,,,,part_time,Accounting & Finance Jobs,Landsec,UK,['UK'],accounting-finance-jobs,BI developer,1,20,500,80,39682.29
False,40000.0,Digital Data Analyst,2026-05-18 14:52:54+00:00,5733145749,48000.0,2026-06-03T13:02:35.718986,,permanent,,full_time,IT Jobs,Harnham - Data & Analytics Recruitment,"London, UK",['UK' 'London'],it-jobs,data analyst,1,20,500,75,44000.0
True,60670.75,Clinical Governance Lead,2026-05-23 13:04:11+00:00,5738734152,60670.75,2026-06-03T13:07:08.613088,,,,,Healthcare & Nursing Jobs,Eucalyptus,"London, UK",['UK' 'London'],healthcare-nursing-jobs,BI developer,1,24,500,71,60670.75
False,47840.0,Registered Nurse - BANK,2026-04-24 07:45:42+00:00,5709166248,53040.0,2026-06-03T13:06:42.005858,-0.300443,,51.4123,,Healthcare & Nursing Jobs,Signature,"Kingston Upon Thames, South West London",['UK' 'London' 'South West London' 'Kingston Upon Thames'],healthcare-nursing-jobs,BI developer,1,23,500,83,50440.0
True,32067.95,Data Scientist,2026-05-21 13:15:34+00:00,5736396354,32067.95,2026-06-03T13:03:59.121456,-0.139134,,51.503378,,IT Jobs,WPP Media,"London, UK",['UK' 'London'],it-jobs,"analytics engineer, data scientist",2,14,500,71,32067.95
True,52373.58,Senior Machine Learning Engineer,2026-05-14 20:29:06+00:00,5729455547,52373.58,2026-06-03T13:04:45.417976,-2.241688,permanent,53.483463,,IT Jobs,Vermelo,"Manchester Science Park, Manchester","['UK' 'North West England' 'Greater Manchester' 'Manchester'
 'Manchester Science Park']",it-jobs,data scientist,1,32,500,75,52373.58
True,35178.53,Senior Data Scientist - Cricket,2024-09-20 13:24:34+00:00,4870532190,35178.53,2026-06-03T13:04:23.000736,-0.144354,contract,51.494974,full_time,IT Jobs,Pythia Sports,"Victoria, South West London",['UK' 'London' 'South West London' 'Victoria'],it-jobs,data scientist,1,31,500,76,35178.53
False,35000.0,Operations Analyst,2026-05-08 15:52:26+00:00,5723070076,40000.0,2026-06-03T13:05:43.556791,-1.89359,permanent,52.483002,,IT Jobs,Paragon Personnel,"Birmingham, West Midlands",['UK' 'West Midlands' 'Birmingham'],it-jobs,analytics engineer,1,18,500,72,37500.0
True,45394.29,Data & Insights Analyst,2026-05-16 21:46:11+00:00,5731752018,45394.29,2026-06-03T13:03:16.670740,-0.111748,,51.517052,,IT Jobs,Argyll,"Fleet Street, Central London",['UK' 'London' 'Central London' 'Fleet Street'],it-jobs,data analyst,1,23,500,78,45394.29
True,40461.48,"Director, Data Science",2026-02-13 17:17:51+00:00,5628023181,40461.48,2026-06-03T13:04:15.218104,-0.139134,,51.503378,,"PR, Advertising & Marketing Jobs",WPP Media WPP,"London, UK",['UK' 'London'],pr-advertising-marketing-jobs,data scientist,1,22,500,71,40461.48
True,60176.68,Data Scientist – CLV & Next Best Action,2026-04-24 19:13:45+00:00,5709485236,60176.68,2026-06-03T13:04:34.525315,-0.139134,,51.503378,,IT Jobs,PlayStation Global,"London, UK",['UK' 'London'],it-jobs,"analytics engineer, data scientist",2,39,500,79,60176.68
True,43214.78,Business Intelligence Analyst,2026-04-29 17:44:32+00:00,5713758469,43214.78,2026-06-03T13:06:20.565259,0.00483,,51.558498,full_time,IT Jobs,Premium site,"Leytonstone, East London",['UK' 'London' 'East London' 'Leytonstone'],it-jobs,business intelligence analyst,1,29,500,71,43214.78
True,56760.73,Lead Data Scientist - Public Sector (security cleared),2026-05-17 12:47:18+00:00,5732351884,56760.73,2026-06-03T13:04:38.898075,,,,full_time,IT Jobs,Kainos,UK,['UK'],it-jobs,data scientist,1,54,500,77,56760.73
True,31870.81,"Senior Manager, BI",2026-05-16 12:50:05+00:00,5731346024,31870.81,2026-06-03T13:06:42.005841,-0.139134,,51.503378,,IT Jobs,WPP Media,"London, UK",['UK' 'London'],it-jobs,BI developer,1,18,500,71,31870.81
False,68640.0,Sn Pharmacovigilance Scientist - Safety Data & ICSR,2026-05-21 11:11:04+00:00,5736323100,104000.0,2026-06-03T13:04:42.327293,-0.219628,contract,51.841806,,Scientific & QA Jobs,Hays Life Sciences,"Welwyn Garden City, Hertfordshire",['UK' 'Eastern England' 'Hertfordshire' 'Welwyn Garden City'],scientific-qa-jobs,data scientist,1,51,500,75,86320.0
True,73804.65,Senior Azure Data Engineer,2026-04-19 11:21:40+00:00,5704448536,73804.65,2026-06-03T13:06:35.018653,,,,,IT Jobs,Korn Ferry,UK,['UK'],it-jobs,BI developer,1,26,500,72,73804.65
True,58611.06,Senior Data Engineer,2026-05-29 10:21:49+00:00,5744460489,58611.06,2026-06-03T13:06:38.564567,,,,full_time,IT Jobs,Mace,UK,['UK'],it-jobs,BI developer,1,20,500,81,58611.06
True,60392.79,Data Analyst - 12month FTC,2026-05-27 22:19:39+00:00,5742706192,60392.79,2026-06-03T13:03:04.619268,,permanent,,full_time,IT Jobs,Lawfront Group Ltd,"The City, Central London",['UK' 'London' 'Central London' 'The City'],it-jobs,data analyst,1,26,500,78,60392.79
False,45000.0,Data Scientist,2026-05-20 19:14:12+00:00,5735321824,50000.0,2026-06-03T13:03:48.539058,-2.897456,permanent,53.444162,full_time,IT Jobs,Harnham - Data & Analytics Recruitment,"Merseyside, North West England",['UK' 'North West England' 'Merseyside'],it-jobs,"analytics engineer, data scientist",2,14,500,79,47500.0
False,95000.0,Staff Analytics Platform Engineer,2026-05-13 11:23:03+00:00,5727956326,95000.0,2026-06-03T13:05:09.683578,-0.139134,,51.503378,full_time,IT Jobs,Our Future Health,"London, UK",['UK' 'London'],it-jobs,analytics engineer,1,33,500,67,95000.0
True,51352.69,Analytics Engineer,2026-05-29 10:30:19+00:00,5744467894,51352.69,2026-06-03T13:04:59.394806,-0.139134,,51.503378,,IT Jobs,BCB Group,"London, UK",['UK' 'London'],it-jobs,analytics engineer,1,18,500,74,51352.69
True,52381.27,Data Scientist,2026-05-21 15:51:52+00:00,5736523854,52381.27,2026-06-03T13:03:43.514997,-0.139134,,51.503378,full_time,IT Jobs,McCabe & Barton,"London, UK",['UK' 'London'],it-jobs,data scientist,1,14,500,72,52381.27
True,72598.15,"Principal Data Analyst, Marketing Analytics",2026-04-15 11:27:13+00:00,5700011213,72598.15,2026-06-03T13:03:08.960877,,,,full_time,"PR, Advertising & Marketing Jobs",Airalo,UK,['UK'],pr-advertising-marketing-jobs,"analytics engineer, data analyst",2,43,500,83,72598.15
True,57113.35,Data Scientist,2026-05-08 21:49:00+00:00,5723440511,57113.35,2026-06-03T13:03:55.750745,,,,,IT Jobs,Fletchers Solicitors,UK,['UK'],it-jobs,data scientist,1,14,500,79,57113.35
True,30555.65,Junior Quants with Superb C++ Skills / $120  Bonus,2026-05-06 13:34:55+00:00,5720426281,30555.65,2026-06-03T13:04:45.417866,-0.139134,,51.503378,full_time,IT Jobs,Eka Finance,"London, UK",['UK' 'London'],it-jobs,data scientist,1,50,500,72,30555.65
True,76916.08,Data Scientist - Principal,2026-03-22 10:12:53+00:00,5675137018,76916.08,2026-06-03T13:04:11.665260,-0.139134,,51.503378,full_time,Scientific & QA Jobs,Aristocrat Technologies,"London, UK",['UK' 'London'],scientific-qa-jobs,data scientist,1,26,500,81,76916.08
True,55421.44,Analytics Engineer,2026-05-07 21:59:13+00:00,5722146656,55421.44,2026-06-03T13:04:59.394690,-0.139134,,51.503378,full_time,IT Jobs,MONY Group,"London, UK",['UK' 'London'],it-jobs,analytics engineer,1,18,500,79,55421.44
False,70000.0,Geospatial Data Scientist,2026-05-26 11:37:55+00:00,5741127437,80000.0,2026-06-03T13:04:07.958538,-1.099804,,51.428224,full_time,IT Jobs,Technify Talent Limited,"Englefield, Reading",['UK' 'South East England' 'Berkshire' 'Reading' 'Englefield'],it-jobs,data scientist,1,25,500,67,75000.0
False,55000.0,Database Analyst / Manager,2026-04-30 18:20:54+00:00,5714588579,55000.0,2026-06-03T13:06:45.770053,,,,,IT Jobs,Latcom,"London, UK",['UK' 'London'],it-jobs,BI developer,1,26,500,81,55000.0
True,72729.19,Data Scientist Lead,2026-02-10 09:10:44+00:00,5622409748,72729.19,2026-06-03T13:04:04.737221,-0.139134,,51.503378,full_time,IT Jobs,JPMorganChase,"London, UK",['UK' 'London'],it-jobs,data scientist,1,19,500,70,72729.19
False,70000.0,Analytics Engineer III - FMX - Data,2026-06-03 10:25:38+00:00,5750344526,90000.0,2026-06-03T13:05:09.683451,-0.139134,,51.503378,full_time,IT Jobs,Fanatics Betting & Gaming,"London, UK",['UK' 'London'],it-jobs,analytics engineer,1,35,500,75,80000.0
True,55079.85,Technology Analyst - PMO (UK Remote),2026-05-22 22:02:18+00:00,5738062115,55079.85,2026-06-03T13:05:43.556838,-1.54912,,53.799599,,IT Jobs,"Turnitin, LLC","Leeds, West Yorkshire",['UK' 'Yorkshire And The Humber' 'West Yorkshire' 'Leeds'],it-jobs,analytics engineer,1,36,500,71,55079.85
True,45595.48,Principal Data Scientist & Machine Learning Researcher,2025-11-06 15:03:00+00:00,5483982083,45595.48,2026-06-03T13:04:34.525404,-2.23438,,53.480701,,IT Jobs,RTX Corporation,"Manchester, Greater Manchester",['UK' 'North West England' 'Greater Manchester' 'Manchester'],it-jobs,data scientist,1,54,500,80,45595.48
True,51706.67,Pricing Practitioner/Data Scientist - Darwin,2025-08-08 02:30:41+00:00,5342940988,51706.67,2026-06-03T13:04:30.312215,-0.088906,permanent,51.509407,full_time,Accounting & Finance Jobs,Direct Line Group,"Monument, Central London",['UK' 'London' 'Central London' 'Monument'],accounting-finance-jobs,data scientist,1,44,500,82,51706.67
False,104000.0,Programme Data & Analytics Analyst,2026-05-29 02:43:12+00:00,5744141491,130000.0,2026-06-03T13:03:20.242969,-3.327942,contract,55.943116,,IT Jobs,Keystream Group Limited,"Edinburgh, Scotland",['UK' 'Scotland' 'Edinburgh'],it-jobs,"BI developer, data analyst",2,34,500,76,117000.0
False,37107.0,Data Analyst,2026-06-03 12:20:13+00:00,5750511578,37107.0,2026-06-03T13:02:22.070359,-2.333655,contract,50.811879,part_time,IT Jobs,4Recruitment Services,"Dorset, South West England",['UK' 'South West England' 'Dorset'],it-jobs,data analyst,1,12,500,73,37107.0
False,100000.0,Analytics Manager,2026-05-22 04:41:57+00:00,5737212505,120000.0,2026-06-03T13:05:16.878311,,permanent,,full_time,IT Jobs,Harnham - Data & Analytics Recruitment,"London, UK",['UK' 'London'],it-jobs,analytics engineer,1,17,500,78,110000.0
True,52529.35,Data Science Engineer - MMM/Econometrics,2026-06-02 20:52:52+00:00,5749469161,52529.35,2026-06-03T13:04:26.373747,-0.139134,,51.503378,full_time,IT Jobs,Datatech,"London, UK",['UK' 'London'],it-jobs,data scientist,1,40,500,74,52529.35
True,65849.19,AI & Data Analyst Contract (based Manchester or Edinburgh),2026-06-01 23:15:45+00:00,5748314652,65849.19,2026-06-03T13:03:13.029647,-2.220609,contract,53.459145,full_time,IT Jobs,Deloitte - Recruitment,"Rusholme, Manchester",['UK' 'North West England' 'Greater Manchester' 'Manchester' 'Rusholme'],it-jobs,data analyst,1,58,500,84,65849.19
False,450.0,BI BA – Business Analyst with Business Intelligence (IT),2026-02-25 15:44:22+00:00,5644889795,450.0,2026-06-03T13:06:20.565439,,contract,,,IT Jobs,Nexus Jobs Limited,UK,['UK'],it-jobs,business intelligence analyst,1,56,500,81,450.0
False,42500.0,Business Intelligence Developer - Temporary (up to 12 months),2026-05-21 05:45:06+00:00,5736022084,47500.0,2026-06-03T13:07:01.654663,-2.333655,contract,50.811879,full_time,IT Jobs,RNLI,"Dorset, South West England",['UK' 'South West England' 'Dorset'],it-jobs,BI developer,1,61,500,86,45000.0
True,43883.72,HR Data Analyst,2026-05-30 02:45:58+00:00,5745120925,43883.72,2026-06-03T13:02:59.745793,-0.011573,permanent,51.762402,full_time,HR & Recruitment Jobs,VolkerWessels Uk,"Hoddesdon, Hertfordshire",['UK' 'Eastern England' 'Hertfordshire' 'Hoddesdon'],hr-jobs,data analyst,1,15,500,69,43883.72
True,47040.14,Lead Data Scientist,2026-01-05 21:48:28+00:00,5568971359,47040.14,2026-06-03T13:04:15.218206,,,,part_time,IT Jobs,Monzo,"London, UK",['UK' 'London'],it-jobs,data scientist,1,19,500,78,47040.14
True,50998.71,Data Analyst,2026-05-12 05:25:25+00:00,5726482301,50998.71,2026-06-03T13:02:44.148465,,permanent,,full_time,IT Jobs,Sodexo,UK,['UK'],it-jobs,data analyst,1,12,500,74,50998.71
True,57901.32,Senior Data Analyst,2025-07-31 12:01:19+00:00,5329642758,57901.32,2026-06-03T13:02:48.146427,-0.139134,permanent,51.503378,full_time,IT Jobs,Parker B Associates,"London, UK",['UK' 'London'],it-jobs,data analyst,1,19,500,80,57901.32
False,33259.0,Junior Data Analyst,2026-04-28 18:00:18+00:00,5712838354,72800.0,2026-06-03T13:02:52.080755,-4.46215,,55.900101,,IT Jobs,PS Computer Services Ltd t/a Parker Shaw,"Erskine, Renfrewshire",['UK' 'Scotland' 'Renfrewshire' 'Erskine'],it-jobs,data analyst,1,19,500,79,53029.5
True,57574.03,Associate Data Scientist,2026-06-01 20:10:35+00:00,5747999613,57574.03,2026-06-03T13:03:51.788705,,,,,IT Jobs,Lorien,"London, UK",['UK' 'London'],it-jobs,data scientist,1,24,500,71,57574.03
True,48523.45,"Senior Consultant, ProServe",2026-05-23 13:55:47+00:00,5738823722,48523.45,2026-06-03T13:04:52.145302,-0.139134,,51.503378,full_time,Consultancy Jobs,Amazon EU SARL  - D67,"London, UK",['UK' 'London'],consultancy-jobs,data scientist,1,27,500,77,48523.45
False,50000.0,Lead Data and Reporting Scientist,2026-05-27 09:14:21+00:00,5742058339,50000.0,2026-06-03T13:04:30.312262,-3.482252,permanent,50.716482,full_time,Consultancy Jobs,South West Water,"Ringswell Park, Exeter",['UK' 'South West England' 'Devon' 'Exeter' 'Ringswell Park'],consultancy-jobs,data scientist,1,33,500,81,50000.0
True,64839.91,Senior Pricing Data Scientist,2026-05-14 13:01:48+00:00,5729120576,64839.91,2026-06-03T13:04:23.000772,-0.139134,,51.503378,full_time,IT Jobs,marshmallow,"London, UK",['UK' 'London'],it-jobs,data scientist,1,29,500,84,64839.91
True,62620.23,Data Governance Manager,2026-05-19 19:37:00+00:00,5734242085,62620.23,2026-06-03T13:07:05.745399,-1.673783,permanent,53.747448,full_time,IT Jobs,SmartSearch,"West Yorkshire, Yorkshire And The Humber",['UK' 'Yorkshire And The Humber' 'West Yorkshire'],it-jobs,BI developer,1,23,500,73,62620.23
False,25000.0,Data Entry Clerk - no experience necessary - job guarantee,2026-06-01 20:13:00+00:00,5748007830,78000.0,2026-06-03T13:03:31.494267,,permanent,,full_time,IT Jobs,Newto Training,UK,['UK'],it-jobs,data analyst,1,58,500,79,51500.0
True,66435.24,Principal Data Engineer,2026-04-24 19:27:57+00:00,5709493291,66435.24,2026-06-03T13:05:23.933048,-2.5919,,51.455299,,IT Jobs,us Graphcore,"Bristol, South West England",['UK' 'South West England' 'Bristol'],it-jobs,analytics engineer,1,23,500,77,66435.24
False,55000.0,Finance Data Analyst,2026-06-01 20:10:13+00:00,5747998996,65000.0,2026-06-03T13:02:35.719011,-0.7047,permanent,52.042198,,Accounting & Finance Jobs,Michael Page Finance,"Milton Keynes, Buckinghamshire",['UK' 'South East England' 'Buckinghamshire' 'Milton Keynes'],accounting-finance-jobs,data analyst,1,20,500,68,60000.0
True,58025.48,"Head of Business Intelligence, Veeqo Partnerships & Intelligence",2026-06-03 10:38:30+00:00,5750388444,58025.48,2026-06-03T13:06:23.867561,,,,full_time,IT Jobs,Amazon,UK,['UK'],it-jobs,business intelligence analyst,1,64,500,77,58025.48
True,51971.46,Data / Finance Analyst,2026-06-02 11:13:54+00:00,5749007837,51971.46,2026-06-03T13:02:35.718969,-3.047111,permanent,53.815352,,Accounting & Finance Jobs,Marks Sattin,"Blackpool Airport, Blackpool",['UK' 'North West England' 'Lancashire' 'Blackpool' 'Blackpool Airport'],accounting-finance-jobs,data analyst,1,22,500,77,51971.46
True,47116.65,Finance Data Scientist,2026-03-10 17:25:50+00:00,5660456995,47116.65,2026-06-03T13:04:04.737260,-0.139134,,51.503378,full_time,Accounting & Finance Jobs,Euromonitor,"London, UK",['UK' 'London'],accounting-finance-jobs,"BI developer, analytics engineer, data scientist",3,22,500,72,47116.65
False,26436.0,Temporary Data Analyst/Administrator,2026-05-08 19:31:51+00:00,5723185814,33280.0,2026-06-03T13:03:04.619396,,permanent,,,Accounting & Finance Jobs,Finn Laurens,UK,['UK'],accounting-finance-jobs,data analyst,1,36,500,71,29858.0
False,25000.0,Data Analyst Trainee,2026-06-01 20:11:25+00:00,5748001338,78000.0,2026-06-03T13:02:31.420381,,permanent,,full_time,IT Jobs,Newto Training,"London, UK",['UK' 'London'],it-jobs,data analyst,1,20,500,79,51500.0
True,58261.47,"Lead Data Scientist, Sports",2026-05-15 03:36:27+00:00,5729985895,58261.47,2026-06-03T13:04:19.192145,-2.23438,,53.480701,,IT Jobs,bet365,"Manchester, Greater Manchester",['UK' 'North West England' 'Greater Manchester' 'Manchester'],it-jobs,data scientist,1,27,500,69,58261.47
False,135200.0,Platform Engineer,2026-06-02 05:35:11+00:00,5748740758,145600.0,2026-06-03T13:04:45.418035,-2.07131,permanent,51.897999,,IT Jobs,Experis,"Cheltenham, Gloucestershire",['UK' 'South West England' 'Gloucestershire' 'Cheltenham'],it-jobs,data scientist,1,17,500,79,140400.0
False,40000.0,Warehouse Manager,2026-05-08 14:48:57+00:00,5723043528,46000.0,2026-06-03T13:06:45.770124,,permanent,,full_time,Logistics & Warehouse Jobs,Pioneering People,"Wirral, Cheshire",['UK' 'North West England' 'Cheshire' 'Wirral'],logistics-warehouse-jobs,BI developer,1,17,500,77,43000.0
True,48637.52,Senior Data Engineer - Real time analytics,2026-04-10 11:15:32+00:00,5695504461,48637.52,2026-06-03T13:05:13.380177,-0.139134,,51.503378,full_time,IT Jobs,Aircall,"London, UK",['UK' 'London'],it-jobs,analytics engineer,1,42,500,71,48637.52
False,60028.0,Data Analyst,2026-05-07 15:40:28+00:00,5721737444,62108.0,2026-06-03T13:02:35.719041,-1.58447,contract,52.281898,full_time,IT Jobs,Contechs Consulting Ltd,"Warwick, Warwickshire",['UK' 'West Midlands' 'Warwickshire' 'Warwick'],it-jobs,data analyst,1,12,500,78,61068.0
True,50866.21,Data Analyst (FinCrime Focus - Contract) Remote,2025-12-23 16:29:28+00:00,5553062391,50866.21,2026-06-03T13:03:13.029504,-0.139134,contract,51.503378,,IT Jobs,Capitex,"London, UK",['UK' 'London'],it-jobs,data analyst,1,47,500,75,50866.21
True,27434.29,Data Science Analyst,2026-05-26 18:44:49+00:00,5741380109,27434.29,2026-06-03T13:03:16.670698,-0.243734,,52.570202,,IT Jobs,Vermelo,"Peterborough, Eastern England",['UK' 'Eastern England' 'Peterborough'],it-jobs,"data analyst, data scientist",2,20,500,77,27434.29
True,35577.73,Environmental Monitoring Technician - West Midlands,2026-05-14 21:44:27+00:00,5729684154,35577.73,2026-06-03T13:03:39.504377,-2.029058,,52.680398,,Scientific & QA Jobs,HSL Compliance Limited,"Bridgtown, Cannock",['UK' 'West Midlands' 'Staffordshire' 'Cannock' 'Bridgtown'],scientific-qa-jobs,data analyst,1,51,500,74,35577.73
False,41430.0,Data Engineer - AWS,2026-02-11 10:31:36+00:00,5624085050,55470.0,2026-06-03T13:05:52.310353,-1.441908,contract,52.399833,full_time,IT Jobs,Coventry Building Society Careers,"Binley, Coventry",['UK' 'West Midlands' 'Coventry' 'Binley'],it-jobs,analytics engineer,1,19,500,80,48450.0
False,130000.0,Cyber Analytics Data Engineer,2026-06-01 15:57:10+00:00,5747697919,145600.0,2026-06-03T13:05:06.026959,-2.355658,permanent,52.509745,full_time,IT Jobs,Oscar Technology,"West Midlands, UK",['UK' 'West Midlands'],it-jobs,analytics engineer,1,29,500,71,137800.0
True,69295.77,Finance Data Engineering & Analytics Lead,2026-05-19 19:00:32+00:00,5734217118,69295.77,2026-06-03T13:05:09.683638,,contract,,,Accounting & Finance Jobs,High Finance  Limited T/A HFG,"London, UK",['UK' 'London'],accounting-finance-jobs,analytics engineer,1,41,500,74,69295.77
True,47153.06,Interim Power Platform Developer (12 month FTC) - Jupiter Asset Management Ltd,2026-03-13 12:28:38+00:00,5663492863,47153.06,2026-06-03T13:06:38.564636,-0.139134,contract,51.503378,full_time,IT Jobs,Jupiter Asset Management Ltd,"London, UK",['UK' 'London'],it-jobs,BI developer,1,78,500,74,47153.06
False,70000.0,Data Scientist - Partner Flow Team,2026-05-31 10:29:51+00:00,5746366747,100000.0,2026-06-03T13:04:30.312085,-0.139134,contract,51.503378,full_time,Engineering Jobs,iwoca,"London, UK",['UK' 'London'],engineering-jobs,data scientist,1,34,500,81,85000.0
True,37485.54,Digital Data Analyst - Pensions,2026-05-28 17:39:47+00:00,5743623201,37485.54,2026-06-03T13:03:04.619260,,permanent,,full_time,IT Jobs,Capita,UK,['UK'],it-jobs,data analyst,1,31,500,79,37485.54
False,43760.0,Data Security Analyst (Incident Response Lead),2026-06-02 14:11:47+00:00,5749231318,51690.0,2026-06-03T13:03:24.353804,-1.746207,permanent,55.028274,full_time,IT Jobs,Government Recruitment Service,"Newcastle Upon Tyne, Tyne & Wear",['UK' 'North East England' 'Tyne & Wear' 'Newcastle Upon Tyne'],it-jobs,data analyst,1,46,500,76,47725.0
False,50000.0,Finance Manager,2026-05-26 20:11:59+00:00,5741399835,50000.0,2026-06-03T13:06:13.286839,-3.00403,permanent,51.127602,full_time,Accounting & Finance Jobs,Office Angels,"Bridgwater, Somerset",['UK' 'South West England' 'Somerset' 'Bridgwater'],accounting-finance-jobs,analytics engineer,1,15,500,83,50000.0
True,109487.03,Principal AI Solutions Consultant,2026-04-27 17:06:33+00:00,5711870375,109487.03,2026-06-03T13:06:05.902936,-0.139134,,51.503378,,IT Jobs,NowVertical,"London, UK",['UK' 'London'],it-jobs,analytics engineer,1,33,500,76,109487.03
True,62300.83,Statistician (Scientist),2026-05-12 22:11:12+00:00,5727327158,62300.83,2026-06-03T13:06:05.903092,-2.12819,,53.260799,full_time,Scientific & QA Jobs,AstraZeneca,"Macclesfield, Cheshire",['UK' 'North West England' 'Cheshire' 'Macclesfield'],scientific-qa-jobs,analytics engineer,1,24,500,65,62300.83
True,77776.07,(197427) Analytics Engineer,2026-04-15 06:48:58+00:00,5699815743,77776.07,2026-06-03T13:04:59.394900,,contract,,,IT Jobs,Harnham,UK,['UK'],it-jobs,analytics engineer,1,27,500,81,77776.07
True,32229.4,Strategic Buyer,2026-05-15 14:14:55+00:00,5730402572,32229.4,2026-06-03T13:05:40.048751,-2.5919,,51.455299,,Retail Jobs,Outsource UK,"Bristol, South West England",['UK' 'South West England' 'Bristol'],retail-jobs,analytics engineer,1,15,500,67,32229.4
True,76720.4,Senior Software Engineer- Python,2026-05-08 13:04:04+00:00,5722927424,76720.4,2026-06-03T13:03:35.507963,-0.139134,,51.503378,,IT Jobs,Vortexa,"London, UK",['UK' 'London'],it-jobs,data analyst,1,32,500,72,76720.4
True,46672.69,EY - GDS Consulting - D&A - Data Scientist - Senior,2025-07-10 16:00:53+00:00,5295888567,46672.69,2026-06-03T13:04:38.898069,,,,full_time,IT Jobs,ey,UK,['UK'],it-jobs,data scientist,1,51,500,67,46672.69
False,80000.0,Senior Data Scientist - Marketing and Growth,2026-02-26 13:20:11+00:00,5646184719,95000.0,2026-06-03T13:04:30.312031,,,,part_time,"PR, Advertising & Marketing Jobs",Monzo,"London, UK",['UK' 'London'],pr-advertising-marketing-jobs,"analytics engineer, data scientist",2,44,500,91,87500.0
False,28000.0,Commercial Excellence - Data Analyst (SMB Hub) - 12 months FTC,2026-04-04 11:20:31+00:00,5689749729,33000.0,2026-06-03T13:03:16.670960,-2.23438,contract,53.480701,full_time,IT Jobs,Deliveroo,"Manchester, Greater Manchester",['UK' 'North West England' 'Greater Manchester' 'Manchester'],it-jobs,data analyst,1,62,500,72,30500.0
True,48620.04,Lead Data Analyst - Fixed term contract,2026-06-03 10:28:45+00:00,5750346825,48620.04,2026-06-03T13:03:13.029615,,contract,,full_time,IT Jobs,Fragomen,UK,['UK'],it-jobs,data analyst,1,39,500,77,48620.04
True,76067.91,Data Scientist - Defence & Security,2026-05-06 13:34:56+00:00,5720426301,76067.91,2026-06-03T13:03:48.539076,-0.139134,permanent,51.503378,full_time,IT Jobs,Anson McCade,"London, UK",['UK' 'London'],it-jobs,data scientist,1,35,500,74,76067.91
False,60000.0,Senior Analytics Implementation Engineer,2026-05-22 15:08:28+00:00,5737689520,75000.0,2026-06-03T13:05:09.683587,1.29935,,52.628101,full_time,IT Jobs,Naked Wines,"Norwich, Norfolk",['UK' 'Eastern England' 'Norfolk' 'Norwich'],it-jobs,analytics engineer,1,40,500,92,67500.0
True,71174.48,"Principal Product Manager, Data Platform",2026-05-13 12:57:24+00:00,5727986036,71174.48,2026-06-03T13:05:55.640836,-0.139134,,51.503378,full_time,IT Jobs,Expedia,"London, UK",['UK' 'London'],it-jobs,analytics engineer,1,40,500,78,71174.48
False,40000.0,Digital Data Analyst,2026-05-18 21:03:00+00:00,5733325632,48000.0,2026-06-03T13:02:31.420319,,permanent,,full_time,IT Jobs,Harnham - Data & Analytics Recruitment,"London, UK",['UK' 'London'],it-jobs,data analyst,1,20,500,82,44000.0
True,45389.79,"Data Science Manager, Music Recommendations",2026-05-16 06:04:49+00:00,5731110294,45389.79,2026-06-03T13:04:30.312020,,,,,Creative & Design Jobs,Spotify,UK,['UK'],creative-design-jobs,data scientist,1,43,500,83,45389.79
True,64328.76,"Economist , Economic Decision Science",2026-05-23 01:28:38+00:00,5738187146,64328.76,2026-06-03T13:05:48.668461,-0.139134,,51.503378,,IT Jobs,Amazon,"London, UK",['UK' 'London'],it-jobs,analytics engineer,1,37,500,69,64328.76
True,31225.35,Lecturer/Senior Lecturer in Mathematical or Statistical Data Science,2026-06-02 00:07:34+00:00,5748408057,31225.35,2026-06-03T13:04:38.898052,-1.746207,,55.028274,,Teaching Jobs,. Newcastle University,"Newcastle Upon Tyne, Tyne & Wear",['UK' 'North East England' 'Tyne & Wear' 'Newcastle Upon Tyne'],teaching-jobs,data scientist,1,68,500,83,31225.35
False,60000.0,Principal Consultant Analyst,2026-05-28 15:51:53+00:00,5743558872,90000.0,2026-06-03T13:04:45.417898,-1.3165,permanent,51.062901,full_time,IT Jobs,Gregory Martin International Limited,"Winchester, Hampshire",['UK' 'South East England' 'Hampshire' 'Winchester'],it-jobs,data scientist,1,28,500,77,75000.0
False,47600.0,Data Scientist,2026-05-24 13:09:56+00:00,5739733136,61000.0,2026-06-03T13:04:04.737069,,permanent,,full_time,IT Jobs,Leidos,"Bristol, South West England",['UK' 'South West England' 'Bristol'],it-jobs,data scientist,1,14,500,75,54300.0
False,76000.0,Lead Data Scientist — Global Football Metrics,2026-03-14 10:16:02+00:00,5665220633,127000.0,2026-06-03T13:04:38.898037,-0.139134,contract,51.503378,,IT Jobs,Hudl,"London, UK",['UK' 'London'],it-jobs,data scientist,1,45,500,88,101500.0
True,69077.38,Interim Financial Reporting and BI Analyst,2026-05-14 10:28:19+00:00,5729055994,69077.38,2026-06-03T13:06:31.093577,-1.54912,contract,53.799599,,Accounting & Finance Jobs,Hays,"Leeds, West Yorkshire",['UK' 'Yorkshire And The Humber' 'West Yorkshire' 'Leeds'],accounting-finance-jobs,BI developer,1,42,500,80,69077.38
True,50152.64,Data Scientist II - Platform Mission,2026-01-17 09:44:28+00:00,5589109940,50152.64,2026-06-03T13:04:30.312090,,,,full_time,IT Jobs,Spotify,"London, UK",['UK' 'London'],it-jobs,data scientist,1,36,500,76,50152.64
True,44407.44,"Data Scientist II, Intelligent Talent Acquisition",2026-05-08 13:40:35+00:00,5722998749,44407.44,2026-06-03T13:04:38.898030,-0.139134,,51.503378,full_time,IT Jobs,Amazon UK Services Ltd.,"London, UK",['UK' 'London'],it-jobs,data scientist,1,49,500,76,44407.44
True,53424.34,Data Scientist,2026-04-01 11:21:11+00:00,5685273336,53424.34,2026-06-03T13:03:55.750737,-0.139134,,51.503378,full_time,IT Jobs,G-Research,"London, UK",['UK' 'London'],it-jobs,data scientist,1,14,500,72,53424.34
False,25000.0,Data Analyst,2026-05-15 03:38:41+00:00,5729986532,29000.0,2026-06-03T13:02:35.719096,-0.23839,permanent,51.511529,full_time,Accounting & Finance Jobs,Robert Half,"West London, London",['UK' 'London' 'West London'],accounting-finance-jobs,data analyst,1,12,500,78,27000.0
True,45048.72,Economist/Data Scientist - FTC,2026-05-08 22:03:30+00:00,5723452909,45048.72,2026-06-03T13:04:19.192366,,contract,,full_time,IT Jobs,Knight Frank,UK,['UK'],it-jobs,data scientist,1,30,500,81,45048.72
True,38366.84,Data Analyst,2026-05-30 10:23:26+00:00,5745450881,38366.84,2026-06-03T13:02:44.148443,,permanent,,full_time,IT Jobs,Apetito,UK,['UK'],it-jobs,data analyst,1,12,500,72,38366.84
True,75134.82,Senior Data Scientist - Credit Eligibility,2026-04-25 19:22:40+00:00,5710436505,75134.82,2026-06-03T13:04:26.373823,-0.139134,,51.503378,full_time,Engineering Jobs,M-Kopa,"London, UK",['UK' 'London'],engineering-jobs,data scientist,1,42,500,79,75134.82
True,77362.4,Data Platform Manager,2026-06-01 09:29:55+00:00,5747312886,77362.4,2026-06-03T13:05:16.878230,,,,,IT Jobs,Harnham,"The City, Central London",['UK' 'London' 'Central London' 'The City'],it-jobs,analytics engineer,1,21,500,75,77362.4
False,60000.0,IT Manager (Manufacturer),2026-05-17 19:13:37+00:00,5732487169,65000.0,2026-06-03T13:06:54.693574,-2.02412,,52.446914,full_time,IT Jobs,Chapman Tate Associates,"Woodgate, Birmingham",['UK' 'West Midlands' 'Birmingham' 'Woodgate'],it-jobs,BI developer,1,25,500,79,62500.0
True,47340.5,Data Analyst - Junior & Senior Opportunities Available,2026-05-24 13:11:16+00:00,5739733834,47340.5,2026-06-03T13:03:13.029611,,,,full_time,IT Jobs,Hastings Insurance Services,UK,['UK'],it-jobs,data analyst,1,54,500,84,47340.5
False,65000.0,Senior Software Developer,2026-05-30 05:23:15+00:00,5745215828,65000.0,2026-06-03T13:06:50.559658,-4.135929,permanent,50.367634,full_time,IT Jobs,Bowerford Associates,"Cattedown, Plymouth",['UK' 'South West England' 'Plymouth' 'Cattedown'],it-jobs,BI developer,1,25,500,82,65000.0
True,50959.53,"Data Scientist, Sports",2026-06-03 04:19:02+00:00,5750013525,50959.53,2026-06-03T13:04:04.737233,-2.17664,,53.026501,,IT Jobs,bet365,"Stoke-On-Trent, Staffordshire",['UK' 'West Midlands' 'Staffordshire' 'Stoke-On-Trent'],it-jobs,data scientist,1,22,500,69,50959.53
True,61253.81,Electrical Energy Feasbility Engineer,2026-05-10 04:31:07+00:00,5724831062,61253.81,2026-06-03T13:05:58.915129,-2.5919,,51.455299,,"Energy, Oil & Gas Jobs",Capgemini Engineering,"Bristol, South West England",['UK' 'South West England' 'Bristol'],energy-oil-gas-jobs,analytics engineer,1,37,500,61,61253.81
True,58162.66,Snowflake Platform Engineer - 6 months Temp Contract,2026-05-07 21:58:19+00:00,5722145726,58162.66,2026-06-03T13:05:32.467758,-0.139134,contract,51.503378,full_time,IT Jobs,Schroders,"London, UK",['UK' 'London'],it-jobs,analytics engineer,1,52,500,75,58162.66
True,80476.7,"Senior Sales Operations Manager, EMEA",2026-02-27 13:14:04+00:00,5647274901,80476.7,2026-06-03T13:06:38.564537,-0.139134,,51.503378,full_time,IT Jobs,Tricentis,"London, UK",['UK' 'London'],it-jobs,BI developer,1,37,500,67,80476.7
False,80000.0,Senior Data Analyst,2026-05-29 21:06:48+00:00,5744750575,80000.0,2026-06-03T13:02:55.585735,,permanent,,full_time,"PR, Advertising & Marketing Jobs",Harnham - Data & Analytics Recruitment,"London, UK",['UK' 'London'],pr-advertising-marketing-jobs,data analyst,1,19,500,72,80000.0
